{
  "LSTM autoencoder": {
    "timestamps": 28383,
    "anomalies": 2694,
    "threshold": 10.330858798882966,
    "precision": 0.23798751244231292,
    "recall": 0.9762435040831478,
    "f1": 0.3826846125863951,
    "pr_auc": 0.5975109609304058,
    "roc_auc": 0.917016787203614
  },
  "TiReX zero-shot": {
    "timestamps": 28383,
    "anomalies": 2694,
    "threshold": 70.12109720691542,
    "precision": 0.3373178931639895,
    "recall": 0.3351893095768374,
    "f1": 0.3362502327313349,
    "pr_auc": 0.2897698704668893,
    "roc_auc": 0.728708595127203
  }
}
